obs_id,score,rank
6,0.780476667,1
1674,0.7660063810000001,2
55,0.758419296,3
1668,0.75543388,4
1743,0.7552770600000003,5
34,0.7540913939999999,6
1780,0.7530728190000002,7
1781,0.7494638450000001,8
17,0.748961029,9
98,0.74322458,10
1678,0.739996804,11
1772,0.739870787,12
1747,0.739537173,13
1837,0.73671017,14
1822,0.7339815500000001,15
1671,0.731353823,16
99,0.730287012,17
1716,0.7275589520000002,18
1786,0.7257302,19
1795,0.7257302,20
1701,0.7211631620000001,21
1840,0.7204897730000001,22
25,0.720485869,23
28,0.719067557,24
1804,0.712455127,25
23,0.7065249650000001,26
1722,0.7043800410000001,27
81,0.7015942690000001,28
65,0.7004500920000001,29
29,0.6968237709999999,30
1753,0.696722837,31
22,0.694450595,32
63,0.692277561,33
168,0.6870505880000001,34
90,0.685988798,35
155,0.685988798,36
1792,0.684980667,37
16,0.684198429,38
78,0.682643305,39
1750,0.681109095,40
106,0.6808996740000001,41
1807,0.678245305,42
1723,0.6761127130000001,43
27,0.6760111430000001,44
1815,0.674052987,45
32,0.6738662660000001,46
1800,0.67017643,47
1816,0.668464889,48
119,0.664038046,49
880,0.663542246,50
1713,0.663216382,51
1740,0.6612906390000001,52
922,0.6607765110000002,53
1699,0.66007158,54
852,0.6594336599999999,55
1693,0.656785191,56
121,0.656254785,57
24,0.6558688660000002,58
938,0.655356356,59
1766,0.65490694,60
854,0.6548111380000001,61
1767,0.6546941350000001,62
1739,0.6526872590000001,63
1789,0.6517650800000001,64
14,0.6507592459999999,65
1746,0.6495320850000001,66
970,0.6491789579999999,67
70,0.648022588,68
1729,0.647818407,69
957,0.6471479840000001,70
1825,0.645107377,71
101,0.642706615,72
1817,0.6427009320000001,73
157,0.641687644,74
5,0.640027821,75
77,0.6395242340000001,76
1728,0.639016444,77
118,0.6388307339999999,78
1777,0.637115812,79
1798,0.636812203,80
871,0.6365594,81
910,0.634929238,82
1835,0.634836767,83
1696,0.6338526380000001,84
120,0.6307275929999999,85
145,0.628943499,86
856,0.6271615250000001,87
1709,0.626451471,88
1744,0.6261486119999999,89
1685,0.625883257,90
943,0.625069824,91
80,0.6234017629999999,92
26,0.621601044,93
163,0.6211936729999998,94
147,0.618812987,95
1765,0.6171775890000001,96
134,0.617111115,97
1775,0.6167017670000001,98
902,0.615276393,99
62,0.6142255520000001,100
1790,0.613553683,101
2,0.6131557009999999,102
1785,0.613069003,103
1741,0.612699926,104
114,0.612029384,105
1770,0.6107562360000001,106
74,0.6096858,107
1705,0.609233694,108
165,0.6088448330000001,109
1823,0.6077693450000001,110
1836,0.6074408020000001,111
998,0.606494518,112
887,0.603864426,113
172,0.6036311710000001,114
171,0.6034759660000001,115
1784,0.603315749,116
1733,0.6028232110000001,117
971,0.601588832,118
123,0.6012519200000002,119
1691,0.600975786,120
15,0.600922394,121
905,0.6004049730000001,122
1759,0.6002339019999999,123
76,0.5995028090000002,124
135,0.5986676750000001,125
64,0.5985789040000001,126
1819,0.5970921720000001,127
858,0.59662488,128
1826,0.59609806,129
1813,0.5952267530000002,130
954,0.594443747,131
10,0.5941580900000001,132
1818,0.594109144,133
71,0.593965082,134
122,0.592641548,135
30,0.5917690580000001,136
915,0.591245136,137
60,0.5896166629999999,138
103,0.5890537419999999,139
138,0.588318915,140
47,0.5879893890000001,141
1774,0.5876859649999999,142
51,0.587523284,143
95,0.5862588450000001,144
962,0.5852589890000001,145
1771,0.58494894,146
1814,0.58454645,147
1673,0.58372935,148
990,0.583696663,149
126,0.582802687,150
1677,0.582779953,151
73,0.5822566110000001,152
169,0.581620011,153
154,0.581429818,154
58,0.581059369,155
888,0.578698092,156
1672,0.578081454,157
900,0.5778133670000001,158
1755,0.577738718,159
42,0.5770179970000001,160
18,0.575753223,161
918,0.575464513,162
1811,0.575017875,163
83,0.5728142850000001,164
1688,0.5717158630000001,165
13,0.569048149,166
1707,0.568546937,167
1730,0.5679329120000001,168
1698,0.5676756300000001,169
19,0.5672647430000001,170
162,0.562127359,171
899,0.5620763120000001,172
1689,0.561542669,173
1675,0.5611872600000001,174
158,0.561064,175
847,0.5595312350000001,176
1683,0.559042098,177
109,0.558652442,178
914,0.558561516,179
878,0.556713624,180
112,0.5565950749999999,181
148,0.556072604,182
56,0.554260818,183
916,0.5540258510000001,184
935,0.553690449,185
1745,0.5527491680000002,186
1686,0.5513255470000001,187
94,0.5509693800000001,188
1761,0.5486448810000001,189
978,0.548461269,190
35,0.5483812690000001,191
1708,0.547613949,192
874,0.5472363010000001,193
36,0.5465045940000001,194
1827,0.544278855,195
1762,0.543849376,196
867,0.5433651220000001,197
1724,0.543111218,198
107,0.543041965,199
100,0.542474407,200
904,0.5418467410000001,201
8,0.5398648680000001,202
1779,0.538253818,203
1727,0.5380163880000002,204
88,0.5378069639999999,205
137,0.5362342330000001,206
1768,0.5353117120000002,207
45,0.534808896,208
1736,0.5343057280000001,209
1679,0.5342497880000001,210
2393,0.533083928,211
974,0.532394939,212
911,0.531278035,213
66,0.531195225,214
846,0.530117211,215
1711,0.530102788,216
860,0.529744397,217
937,0.529616692,218
1756,0.5290093650000001,219
1680,0.5280052070000001,220
156,0.5275974440000001,221
923,0.5265467720000001,222
136,0.5252700290000001,223
1763,0.524510854,224
31,0.5235443300000001,225
43,0.523183861,226
1806,0.522624034,227
1808,0.5216072599999999,228
82,0.519847839,229
894,0.517822569,230
1667,0.5170271560000002,231
973,0.516959552,232
49,0.5158830670000001,233
800,0.515446109,234
1669,0.514177508,235
769,0.5141640470000001,236
759,0.513727501,237
2454,0.512876494,238
549,0.512250635,239
2462,0.511162816,240
863,0.510447466,241
1738,0.5098161830000001,242
886,0.509402433,243
1692,0.5092118090000001,244
132,0.509116199,245
1684,0.5089188099999999,246
102,0.508128856,247
1778,0.5081253880000001,248
1714,0.5074042240000001,249
96,0.506328789,250
68,0.505782713,251
89,0.505402516,252
959,0.505280555,253
968,0.5048457940000001,254
872,0.504499801,255
57,0.5043891730000001,256
130,0.501689273,257
897,0.501656456,258
161,0.49961175300000005,259
140,0.49825617699999997,260
75,0.49812754,261
2411,0.49786947200000004,262
1810,0.49783993100000007,263
46,0.49714897999999996,264
150,0.497026505,265
824,0.49478626099999995,266
2324,0.494501713,267
2499,0.494301386,268
892,0.492949129,269
125,0.49174711400000004,270
1710,0.4912728390000001,271
4,0.4909802790000001,272
115,0.49075103300000006,273
41,0.4905505070000001,274
53,0.49053563,275
1737,0.49030738500000004,276
2455,0.490290506,277
743,0.489392402,278
961,0.488847959,279
1839,0.48882209000000004,280
2428,0.488471597,281
2230,0.488260611,282
170,0.48752475199999995,283
988,0.487189402,284
1787,0.48667374500000016,285
1812,0.48667374500000016,286
945,0.48666291800000017,287
1834,0.48537076399999995,288
59,0.4828397660000001,289
781,0.482643029,290
1734,0.48261191400000003,291
1718,0.4825434190000002,292
2328,0.482306788,293
1788,0.4818653370000001,294
890,0.480261225,295
1726,0.48023162500000016,296
921,0.480208382,297
992,0.479766574,298
2381,0.47912519600000003,299
2456,0.478846698,300
86,0.478833243,301
160,0.47869217499999994,302
953,0.478498862,303
1801,0.47819711000000004,304
167,0.475037107,305
939,0.47428104500000007,306
944,0.47353758100000004,307
2244,0.47167829499999997,308
144,0.4716597639999999,309
2224,0.47140194499999993,310
2440,0.471272662,311
2261,0.470421656,312
913,0.46988348799999996,313
851,0.469617907,314
87,0.4693545480000001,315
930,0.46685177499999997,316
868,0.46617108599999996,317
146,0.46578646199999996,318
111,0.4650870380000001,319
2216,0.465068073,320
633,0.46503000099999997,321
720,0.46435936299999997,322
2315,0.464177075,323
991,0.46392364799999997,324
2220,0.4622706260000001,325
1690,0.46021407899999994,326
711,0.4595432609999999,327
907,0.458827501,328
611,0.45865669800000003,329
898,0.4576578320000001,330
2453,0.45746378699999996,331
969,0.456675213,332
33,0.4563927880000001,333
893,0.45508105400000004,334
861,0.45405401,335
67,0.4536266560000002,336
601,0.45291083299999996,337
104,0.45142241500000013,338
128,0.45035425800000006,339
976,0.44945752400000005,340
933,0.44805619700000004,341
947,0.44786669999999995,342
2270,0.44762853300000005,343
2451,0.446784055,344
545,0.446604409,345
2379,0.446479915,346
723,0.446077231,347
129,0.445274491,348
2401,0.44519158400000003,349
85,0.4448369,350
556,0.443488278,351
862,0.44318125,352
2201,0.44231256899999993,353
972,0.44131967099999997,354
883,0.441016674,355
804,0.440416435,356
2382,0.43871951099999995,357
2325,0.43846624399999995,358
881,0.438407759,359
1001,0.43824035100000003,360
141,0.43803257999999995,361
783,0.43682704899999997,362
926,0.436477341,363
958,0.436187703,364
708,0.434975875,365
510,0.434901318,366
92,0.43470199,367
869,0.43280523400000004,368
873,0.43251819,369
733,0.431425413,370
2467,0.431088793,371
602,0.43100020499999997,372
989,0.430074295,373
151,0.43006098600000003,374
1764,0.4298327410000001,375
774,0.429768177,376
2199,0.429749527,377
1676,0.42917218400000007,378
821,0.429049231,379
2236,0.42871474099999995,380
543,0.42687899099999993,381
2465,0.42656680299999994,382
714,0.426264684,383
560,0.42428263800000005,384
864,0.42424001,385
823,0.424060443,386
986,0.423273435,387
2487,0.423133316,388
716,0.422438498,389
1731,0.4215924710000001,390
850,0.42042849600000004,391
931,0.42013530400000004,392
704,0.419351534,393
928,0.41855802799999997,394
981,0.416996717,395
831,0.41696190399999994,396
1832,0.415976473,397
555,0.41563588,398
614,0.41552972,399
920,0.414470941,400
2309,0.412517519,401
1803,0.41233172500000004,402
982,0.41200792900000005,403
2416,0.411308325,404
2399,0.41097991599999995,405
747,0.410919632,406
531,0.41032037199999993,407
1824,0.40953467500000007,408
521,0.409381037,409
997,0.409190318,410
952,0.408636051,411
2493,0.408511275,412
1751,0.4077775680000001,413
2288,0.40729639,414
562,0.40616950999999996,415
2231,0.40612875299999995,416
697,0.40611572799999995,417
964,0.405719671,418
127,0.405396501,419
1459,0.40269161299999995,420
686,0.40245262200000004,421
2404,0.40145370799999996,422
2477,0.40138134499999994,423
849,0.400782715,424
1797,0.40044699000000006,425
567,0.39929729499999994,426
600,0.399026151,427
927,0.398148626,428
718,0.397641947,429
955,0.397063888,430
877,0.3969346570000001,431
2358,0.39630338400000004,432
619,0.39516731099999997,433
508,0.39475908299999996,434
1414,0.39465696699999997,435
2205,0.39461000700000004,436
631,0.39400488,437
906,0.393808106,438
737,0.3936778759999999,439
1455,0.392646462,440
149,0.39248263,441
2349,0.392169167,442
741,0.3914730189999999,443
175,0.39125284600000004,444
979,0.391208577,445
2418,0.390835135,446
1769,0.390633022,447
646,0.390146682,448
2479,0.388956298,449
581,0.388591499,450
693,0.38817414999999994,451
1799,0.387835972,452
865,0.387580175,453
72,0.387288713,454
11,0.38712069400000004,455
553,0.387022922,456
942,0.386778431,457
885,0.3865548160000001,458
2353,0.38552845799999996,459
1830,0.38518362400000006,460
1796,0.3848857010000001,461
84,0.384567024,462
166,0.3844013,463
932,0.383895915,464
2264,0.3835197719999999,465
2203,0.383374074,466
2247,0.383358259,467
1507,0.38305568900000003,468
642,0.3827404019999999,469
760,0.382523835,470
767,0.379572718,471
1510,0.379211503,472
701,0.379035573,473
908,0.378246817,474
2359,0.37780488,475
634,0.377724645,476
1838,0.376468371,477
2217,0.37645854,478
2254,0.376250083,479
2343,0.37579760300000004,480
780,0.375759531,481
1748,0.37553349399999997,482
882,0.37538525,483
2448,0.373858717,484
2301,0.37341486800000007,485
746,0.373218183,486
754,0.37253177899999995,487
2210,0.372511378,488
756,0.372348957,489
551,0.37201176799999996,490
822,0.371757406,491
1793,0.371403113,492
2436,0.37112980100000004,493
2341,0.37099655300000006,494
2466,0.370977259,495
1757,0.37060841,496
896,0.37024744200000004,497
575,0.37014592,498
2361,0.369967169,499
2375,0.369962164,500
1362,0.369543872,501
793,0.369295334,502
2246,0.36895825899999996,503
2389,0.368442883,504
2373,0.368063807,505
1773,0.36766308600000003,506
2469,0.36672600099999997,507
1423,0.366468324,508
2472,0.36637031,509
1331,0.365472658,510
2470,0.36515527000000003,511
1719,0.36504379400000003,512
763,0.3650055769999999,513
650,0.36485846999999993,514
2330,0.364395094,515
2395,0.36403479899999996,516
2391,0.363640921,517
526,0.363478403,518
929,0.363411106,519
509,0.362672163,520
2377,0.362638473,521
2460,0.362422751,522
9,0.362073513,523
707,0.361782537,524
700,0.36132774199999995,525
2336,0.36050941100000006,526
2419,0.359471634,527
2364,0.35887778200000003,528
843,0.357968403,529
613,0.357952964,530
703,0.357188587,531
948,0.357061457,532
1524,0.357020397,533
1426,0.356843792,534
2406,0.35641717700000003,535
670,0.35592819200000003,536
2397,0.35487051000000003,537
577,0.3548677859999999,538
2259,0.354768745,539
2207,0.354615019,540
1821,0.354541683,541
2430,0.354470881,542
784,0.354152512,543
585,0.35224326100000003,544
889,0.35101753300000005,545
2300,0.350885847,546
1670,0.34954311200000004,547
1596,0.349322327,548
1419,0.348390679,549
2354,0.347360584,550
2274,0.347029034,551
588,0.34693717,552
2265,0.346651489,553
951,0.346587472,554
977,0.346587472,555
2497,0.346557763,556
2347,0.34633614799999995,557
2314,0.346238184,558
764,0.3456258139999999,559
788,0.345420464,560
832,0.345286094,561
2370,0.345221914,562
1529,0.345103856,563
2363,0.344942608,564
965,0.344768563,565
1720,0.343832053,566
1593,0.34340418899999997,567
1829,0.342064358,568
2289,0.34179170100000006,569
1697,0.341579923,570
2253,0.341411091,571
579,0.340593203,572
2323,0.34034841499999996,573
2459,0.340160763,574
2316,0.3400130900000001,575
2304,0.339907859,576
1642,0.33933152899999997,577
684,0.338960913,578
547,0.338813806,579
787,0.338454665,580
2320,0.33833790999999996,581
719,0.337997353,582
507,0.336672663,583
2473,0.33657587499999997,584
1681,0.33590796300000003,585
2412,0.33532178599999996,586
2491,0.335007801,587
2403,0.334225151,588
537,0.33316591,589
2402,0.33292500999999997,590
678,0.332745351,591
1597,0.332667169,592
2352,0.332593768,593
795,0.332071962,594
740,0.33184502199999993,595
819,0.33156692099999996,596
744,0.331449679,597
628,0.33122488299999997,598
2443,0.330927979,599
1636,0.330809921,600
1561,0.330293319,601
1712,0.329967881,602
2294,0.32993733,603
40,0.329440159,604
2360,0.328880525,605
709,0.32764208200000006,606
2480,0.327178,607
641,0.3269918379999999,608
757,0.326919,609
742,0.326831564,610
797,0.32658443299999995,611
2223,0.32624914499999996,612
2422,0.325907109,613
1377,0.325551579,614
658,0.32527281099999994,615
1900,0.325263448,616
1350,0.324930925,617
2255,0.324773065,618
2193,0.324581135,619
1491,0.323642269,620
591,0.323468735,621
571,0.322807868,622
1515,0.32256315900000004,623
564,0.322456423,624
108,0.322221956,625
925,0.32200307100000003,626
734,0.322002066,627
995,0.321724573,628
1550,0.32116104199999995,629
1794,0.321115841,630
1616,0.319758893,631
589,0.31944240599999996,632
730,0.31936769699999995,633
1475,0.31875875,634
603,0.31867694599999996,635
820,0.318652653,636
2293,0.317468163,637
960,0.317074124,638
535,0.316542705,639
12,0.31624699900000003,640
2424,0.31606656099999997,641
699,0.315585152,642
245,0.315355738,643
153,0.31436874800000003,644
761,0.314139784,645
2468,0.31407575099999996,646
48,0.313793908,647
1410,0.31367522099999995,648
1545,0.31346464999999996,649
765,0.313430983,650
724,0.3129721469999999,651
2311,0.31261099999999997,652
164,0.312550236,653
520,0.312528263,654
528,0.312521489,655
749,0.31235841,656
2232,0.312203607,657
949,0.31218120800000004,658
131,0.311830893,659
647,0.311625343,660
2413,0.311332288,661
738,0.31096177199999997,662
1439,0.310948783,663
2197,0.310641346,664
568,0.310554864,665
2500,0.310258491,666
2408,0.310089556,667
2292,0.310070183,668
2310,0.30988244499999995,669
664,0.30977193099999994,670
2335,0.30964341599999995,671
2192,0.309446436,672
983,0.30929691800000003,673
826,0.30860256199999997,674
2474,0.30828305500000003,675
687,0.30799110300000004,676
2322,0.307829012,677
2262,0.307717276,678
1333,0.307580058,679
513,0.307225997,680
2303,0.30690956599999997,681
1494,0.30668839200000003,682
2372,0.306596931,683
895,0.30655225,684
2318,0.30610332599999995,685
1340,0.3058796,686
2447,0.30567753799999997,687
667,0.305600306,688
1809,0.305041106,689
2332,0.30468012,690
544,0.304493617,691
2482,0.30415235199999996,692
1490,0.30395601200000005,693
1652,0.303466101,694
2252,0.303286938,695
1450,0.30291413699999997,696
770,0.301859897,697
1647,0.301735956,698
91,0.30142346799999997,699
93,0.301273439,700
1424,0.30112168899999997,701
79,0.30086206800000004,702
2338,0.30053637699999997,703
745,0.300418745,704
2496,0.299786326,705
833,0.299299773,706
2269,0.29887492,707
159,0.298807856,708
1332,0.29791641099999994,709
1878,0.297300487,710
884,0.2971593350000001,711
1833,0.296855355,712
1592,0.29655670599999995,713
2218,0.296168751,714
2308,0.295812272,715
582,0.29560962199999996,716
21,0.294479235,717
1702,0.29433575400000006,718
813,0.29422602300000006,719
1527,0.293033603,720
1735,0.292601331,721
830,0.29259037699999996,722
2312,0.292334745,723
803,0.291322665,724
1650,0.291174992,725
20,0.290765992,726
1760,0.29039709,727
1380,0.290101081,728
750,0.289452818,729
1334,0.289425029,730
2297,0.28939234599999997,731
2483,0.28915998,732
54,0.28915511400000005,733
728,0.28914966,734
2464,0.28890164399999996,735
655,0.288888681,736
732,0.288502849,737
1544,0.288434624,738
1504,0.288430324,739
2423,0.288394855,740
143,0.288085326,741
685,0.287386319,742
625,0.28724860199999996,743
1556,0.287207207,744
834,0.28704570999999995,745
2251,0.286675483,746
689,0.286384084,747
1560,0.286057095,748
789,0.28551077,749
712,0.284602196,750
1519,0.284545,751
2458,0.28436205200000003,752
576,0.284347252,753
636,0.28341064899999996,754
2190,0.2833399810000001,755
2351,0.282745249,756
2214,0.282688946,757
713,0.282680302,758
801,0.28250318599999996,759
2378,0.28245205700000003,760
594,0.282174852,761
652,0.28216714,762
38,0.28195230200000004,763
695,0.281343291,764
622,0.28131203699999996,765
505,0.28128698799999996,766
607,0.27970133999999996,767
1526,0.279487191,768
653,0.27887215099999996,769
696,0.278266101,770
2239,0.276747858,771
532,0.276739735,772
2331,0.27668849399999995,773
755,0.276588243,774
2283,0.276141908,775
2384,0.27607875400000004,776
675,0.27605333899999995,777
2386,0.275955293,778
627,0.27559533699999994,779
1337,0.275495924,780
2222,0.27548022,781
1631,0.27521121299999995,782
2439,0.27518346600000004,783
1615,0.275118044,784
1703,0.274482146,785
912,0.27365997200000003,786
1335,0.273484177,787
1704,0.273419276,788
853,0.273209927,789
552,0.27318382999999996,790
2281,0.27281536900000003,791
2334,0.27269978699999997,792
1749,0.27265785600000003,793
2287,0.272270015,794
2376,0.27215011100000003,795
2407,0.272064504,796
1432,0.272054381,797
731,0.271872085,798
1457,0.271831819,799
2284,0.27143214900000007,800
1433,0.27139548599999996,801
332,0.27133559999999995,802
1694,0.27125793200000003,803
1715,0.27095571500000004,804
2291,0.270344272,805
2400,0.269343661,806
37,0.269026894,807
2346,0.26872628000000004,808
1421,0.26801592799999996,809
866,0.267320755,810
2383,0.26720497400000004,811
1573,0.267176469,812
2271,0.26708311700000004,813
2009,0.267075431,814
2450,0.26689048400000004,815
1732,0.266475253,816
706,0.266456163,817
779,0.266124579,818
1976,0.266075769,819
1700,0.26586059400000006,820
1508,0.26573813199999996,821
612,0.26463913499999997,822
1591,0.26456295499999993,823
812,0.264283224,824
1933,0.264218521,825
2410,0.26405669800000003,826
717,0.263766622,827
2219,0.26366467700000007,828
1852,0.263647591,829
802,0.263259079,830
1487,0.26321743200000003,831
546,0.263019909,832
924,0.26248601600000004,833
835,0.262129939,834
2369,0.262117279,835
840,0.26190744,836
785,0.261417295,837
519,0.261102239,838
726,0.26066035499999995,839
2481,0.26008551,840
638,0.25999961899999996,841
2449,0.259982471,842
776,0.25996409,843
1874,0.259598138,844
857,0.259401052,845
2286,0.25933714,846
2327,0.25889736599999996,847
2237,0.257708502,848
1802,0.25746314000000003,849
903,0.257393775,850
574,0.257309456,851
2387,0.257137514,852
1783,0.256700801,853
113,0.256464611,854
1617,0.256308472,855
336,0.25562467899999997,856
1397,0.255553027,857
536,0.255056933,858
736,0.254890819,859
807,0.254659402,860
648,0.25438354399999996,861
621,0.25410516,862
1456,0.2540470939999999,863
1313,0.253718035,864
1782,0.253439316,865
50,0.25277968,866
1742,0.25262281000000003,867
2433,0.252430337,868
2495,0.252321128,869
1512,0.252090664,870
844,0.25164605,871
2405,0.251558723,872
587,0.25100859699999994,873
2275,0.25022938100000003,874
710,0.250077985,875
1891,0.250026639,876
2195,0.24945469999999997,877
2492,0.24944621799999997,878
786,0.24911849199999997,879
2204,0.24892249699999996,880
666,0.24833562399999998,881
2268,0.24815127700000006,882
1375,0.24780106199999996,883
598,0.24708574799999997,884
596,0.24684800699999998,885
1980,0.24684585999999997,886
512,0.246505656,887
227,0.24647959000000003,888
2211,0.246306885,889
2305,0.24613622499999996,890
1346,0.245639491,891
1330,0.24535942100000002,892
615,0.24528568099999998,893
1393,0.245272231,894
1883,0.245079363,895
773,0.245031405,896
1429,0.24500999999999998,897
778,0.24365227,898
174,0.243567207,899
656,0.24329676500000003,900
2248,0.24329220799999998,901
2494,0.24322112400000007,902
586,0.24317078800000003,903
1540,0.243134175,904
1555,0.241683786,905
1754,0.241473017,906
1329,0.24143832299999995,907
2242,0.24143496,908
2233,0.24136646499999995,909
540,0.24136589899999997,910
606,0.24131621199999997,911
573,0.24074811199999996,912
2374,0.240363063,913
829,0.24035728099999998,914
2307,0.239942972,915
182,0.239711405,916
1449,0.239688039,917
1501,0.238286424,918
7,0.23783089100000002,919
966,0.237514349,920
1618,0.237389631,921
580,0.23737344799999993,922
1511,0.2371286,923
1535,0.236774026,924
2194,0.235901395,925
117,0.23551286600000002,926
1401,0.23538478899999998,927
1603,0.235382354,928
1451,0.23459008599999998,929
1577,0.234569785,930
2295,0.23430410100000001,931
1957,0.234082018,932
1849,0.23406553800000002,933
2398,0.234013398,934
1418,0.233331203,935
2279,0.233301866,936
735,0.233271557,937
1402,0.232902369,938
2258,0.23287769299999997,939
1579,0.23253881099999996,940
105,0.232476213,941
61,0.23205094,942
669,0.23177149399999997,943
2198,0.23111435200000002,944
262,0.231011082,945
2392,0.23029599999999997,946
2426,0.23021630899999998,947
1321,0.22981800400000002,948
790,0.229477828,949
2228,0.229400166,950
1442,0.22929868199999998,951
875,0.228908773,952
725,0.22875064700000003,953
1,0.22869861400000002,954
1360,0.22840551400000003,955
1341,0.228147587,956
618,0.22804113899999998,957
1365,0.22750851000000002,958
302,0.227337257,959
1464,0.227218872,960
1899,0.22712197,961
2471,0.226942068,962
1427,0.226558005,963
775,0.226175772,964
604,0.22568999,965
1717,0.22416752200000004,966
1392,0.22416441499999998,967
1959,0.223983522,968
559,0.223698351,969
2302,0.22346731499999997,970
705,0.22290812799999998,971
1534,0.22289661299999997,972
1348,0.222801617,973
1324,0.22277871999999999,974
1537,0.221590282,975
1314,0.22135755099999996,976
1364,0.221164543,977
1581,0.219666998,978
1687,0.21919454900000004,979
1657,0.21914025999999995,980
673,0.21844195199999997,981
694,0.21803706099999998,982
1847,0.21790584100000002,983
2234,0.217376359,984
879,0.216678074,985
1481,0.216230744,986
994,0.21592802300000002,987
1879,0.215769369,988
2329,0.215637664,989
539,0.21533062499999997,990
941,0.21505671600000004,991
1585,0.215020412,992
839,0.21498050900000001,993
668,0.21465723599999995,994
1441,0.214305001,995
805,0.21343025499999996,996
809,0.21306668799999998,997
1949,0.213000266,998
2215,0.212876399,999
616,0.21282548,1000
845,0.21260339900000003,1001
152,0.212466268,1002
1643,0.21234818700000002,1003
2225,0.212048812,1004
1384,0.21203798499999998,1005
1551,0.211181488,1006
1614,0.21111975900000002,1007
1407,0.21027867199999994,1008
69,0.20986991400000002,1009
1382,0.209187924,1010
180,0.20892936399999998,1011
1634,0.20881354,1012
2285,0.20790602599999997,1013
2415,0.20755411399999998,1014
1548,0.207452878,1015
228,0.20728728000000002,1016
1567,0.20711906099999997,1017
142,0.20637422900000002,1018
1553,0.206373123,1019
1327,0.206255875,1020
1373,0.20575631800000002,1021
1999,0.20534509299999998,1022
796,0.20486270899999998,1023
1564,0.204165877,1024
2256,0.20401712800000002,1025
116,0.20364184899999999,1026
1506,0.20337298,1027
1359,0.20293647199999998,1028
597,0.20288066299999996,1029
729,0.20253189499999996,1030
1620,0.201368827,1031
2235,0.20130383899999998,1032
1434,0.201046926,1033
316,0.20046015,1034
630,0.19990778399999998,1035
565,0.199789412,1036
1325,0.199679286,1037
1000,0.19936916600000004,1038
692,0.19935909699999999,1039
639,0.19915590199999997,1040
2357,0.19914651100000003,1041
985,0.19893483500000003,1042
1497,0.19816485800000003,1043
838,0.19795680999999998,1044
1322,0.197934422,1045
1542,0.197819941,1046
1413,0.19780950499999994,1047
1861,0.196973791,1048
232,0.196637022,1049
1641,0.195929143,1050
1776,0.194693283,1051
1888,0.19447321999999997,1052
2344,0.19397861700000002,1053
739,0.193262375,1054
288,0.19312729499999998,1055
1666,0.19300008800000001,1056
1848,0.192569991,1057
828,0.19209671499999997,1058
306,0.19104748499999996,1059
1356,0.19103289499999998,1060
173,0.190385776,1061
1368,0.18989692499999997,1062
1578,0.18867882700000002,1063
1480,0.18781836000000002,1064
702,0.1871196,1065
1820,0.186947306,1066
1485,0.18682137699999996,1067
2280,0.18673273199999998,1068
236,0.18670469699999998,1069
2273,0.185735437,1070
274,0.18478912499999994,1071
661,0.184745663,1072
2213,0.18438456699999997,1073
1431,0.18373933199999995,1074
649,0.18351379899999998,1075
259,0.18345557499999998,1076
1604,0.18338120599999996,1077
940,0.18337133100000003,1078
975,0.18286010000000003,1079
1644,0.182211684,1080
298,0.18214403899999998,1081
1462,0.182037191,1082
1569,0.181979451,1083
110,0.181913004,1084
1663,0.18163079199999996,1085
287,0.18127273199999996,1086
1470,0.18120147699999994,1087
207,0.18107261599999996,1088
1934,0.18085687900000003,1089
1758,0.1806293,1090
1575,0.18007467999999996,1091
1586,0.17996944899999995,1092
2427,0.17980023199999998,1093
1317,0.178843153,1094
657,0.17870169699999994,1095
280,0.17857595299999995,1096
2227,0.178506049,1097
956,0.17806524000000004,1098
1533,0.17797412700000004,1099
1528,0.17788665799999998,1100
1805,0.177413386,1101
1943,0.17734526,1102
2421,0.177315105,1103
133,0.177023937,1104
97,0.175972929,1105
1867,0.17585830800000002,1106
980,0.17526819000000005,1107
1721,0.17523544100000002,1108
1629,0.175067955,1109
1318,0.17467593399999998,1110
2380,0.17464208900000003,1111
1752,0.174624048,1112
682,0.17438313099999997,1113
1083,0.174129361,1114
1894,0.17347160400000003,1115
1895,0.17266496700000003,1116
1505,0.172564608,1117
323,0.17246744699999997,1118
557,0.172082891,1119
318,0.17111613500000003,1120
1944,0.17062229200000004,1121
326,0.17054170399999996,1122
1925,0.170125324,1123
1389,0.169401421,1124
1013,0.169123078,1125
189,0.16892308399999995,1126
2429,0.16879310000000003,1127
3,0.16844386200000003,1128
662,0.16824337099999997,1129
2298,0.16799985999999997,1130
1886,0.16792380299999998,1131
901,0.16780025900000003,1132
806,0.16758498399999996,1133
814,0.16758498399999996,1134
1706,0.167438517,1135
836,0.16705873599999996,1136
1489,0.167039098,1137
671,0.166954535,1138
1661,0.166911063,1139
2452,0.166404265,1140
999,0.166063737,1141
722,0.16550849299999998,1142
578,0.165481664,1143
211,0.16546652899999997,1144
242,0.16514784499999996,1145
934,0.16499510600000003,1146
1648,0.16443996599999997,1147
870,0.16429724,1148
632,0.16414872999999996,1149
1463,0.16402825399999993,1150
1725,0.16366327800000002,1151
1572,0.16341082999999998,1152
2196,0.16269534500000002,1153
1378,0.162263779,1154
124,0.16211844800000003,1155
855,0.16197863700000004,1156
1115,0.16157905700000003,1157
1513,0.16155708300000002,1158
1415,0.161340837,1159
1639,0.161115896,1160
2229,0.160806226,1161
2348,0.16019736600000004,1162
1964,0.16013676999999998,1163
1831,0.160117329,1164
663,0.15960126599999996,1165
1645,0.15917315899999995,1166
1518,0.15866444200000002,1167
273,0.15826693399999997,1168
1984,0.158115351,1169
1989,0.15775966000000002,1170
1145,0.1567018,1171
1363,0.15637078199999996,1172
525,0.15602339699999998,1173
2340,0.156021181,1174
1791,0.15601690099999999,1175
1478,0.155753502,1176
1320,0.15568094300000002,1177
891,0.154959225,1178
1646,0.154716138,1179
230,0.15470507100000003,1180
1509,0.154030016,1181
1896,0.15372372700000003,1182
993,0.153586412,1183
1471,0.15346895999999996,1184
1924,0.153467688,1185
1436,0.15329523399999995,1186
1010,0.153168729,1187
1408,0.152786726,1188
917,0.15128309000000004,1189
1574,0.15107001799999994,1190
1973,0.15072037600000002,1191
1316,0.15062366000000002,1192
210,0.150451479,1193
44,0.15044646200000003,1194
1050,0.15007925700000002,1195
2221,0.14959803600000002,1196
1695,0.149496939,1197
1844,0.14922625099999998,1198
677,0.14879088499999998,1199
327,0.14833930899999997,1200
1058,0.14822200900000002,1201
1015,0.14796556899999996,1202
2365,0.146412172,1203
1345,0.14635152799999998,1204
1625,0.14620645200000001,1205
1967,0.145769694,1206
1400,0.145527385,1207
1609,0.14531689099999995,1208
1488,0.14470144399999998,1209
1990,0.144502056,1210
1388,0.14390544,1211
1366,0.14382047799999997,1212
548,0.14374537399999998,1213
2446,0.14330483100000002,1214
566,0.142864267,1215
1938,0.142856873,1216
1865,0.142707986,1217
1637,0.14270127899999996,1218
1466,0.14227369699999995,1219
2431,0.14196312300000002,1220
1354,0.141847654,1221
2345,0.14120405,1222
1828,0.140835085,1223
269,0.140545109,1224
1991,0.140306037,1225
1977,0.139954592,1226
563,0.13934787399999998,1227
1383,0.13899990599999998,1228
205,0.138535583,1229
1859,0.138515668,1230
197,0.138124861,1231
715,0.13752750200000002,1232
1626,0.13736650399999997,1233
1344,0.13510868,1234
1523,0.13461277500000002,1235
1932,0.134197531,1236
307,0.13372303900000002,1237
192,0.13350618699999997,1238
297,0.133286493,1239
1361,0.13312733100000002,1240
1539,0.132235665,1241
518,0.13216912599999997,1242
1955,0.132065653,1243
1026,0.13174517199999997,1244
2367,0.131601635,1245
2339,0.13137220700000002,1246
246,0.13004097900000003,1247
527,0.12979334199999998,1248
963,0.129692571,1249
334,0.129488681,1250
1654,0.129408662,1251
660,0.12922518399999997,1252
309,0.128920467,1253
1369,0.12890857600000002,1254
1069,0.12819249499999996,1255
590,0.127739436,1256
538,0.127642874,1257
1857,0.127425239,1258
1970,0.126563657,1259
659,0.126513366,1260
1398,0.12632207299999998,1261
1904,0.126235248,1262
1409,0.125972408,1263
967,0.12562195100000004,1264
39,0.125063424,1265
214,0.124288162,1266
1445,0.124046268,1267
337,0.12374591399999997,1268
244,0.12356890600000002,1269
239,0.12325337599999997,1270
1367,0.12281585499999997,1271
1877,0.12280435,1272
1437,0.12267499699999995,1273
1947,0.12211011899999999,1274
909,0.12094934800000001,1275
186,0.12090787899999997,1276
1922,0.120184376,1277
1521,0.11990395499999999,1278
1682,0.11984639100000002,1279
1403,0.11915550599999997,1280
1385,0.118631192,1281
304,0.11859651099999997,1282
1007,0.118516171,1283
1495,0.11842492600000001,1284
1022,0.11825562000000002,1285
1371,0.118202358,1286
1901,0.11819539700000001,1287
223,0.117552335,1288
1018,0.11716349699999998,1289
2241,0.11696816400000003,1290
1914,0.11677579500000002,1291
1662,0.116500366,1292
1358,0.115497044,1293
1640,0.11494739699999995,1294
1328,0.114835132,1295
2272,0.114763923,1296
292,0.11434525300000002,1297
2488,0.113571482,1298
278,0.113268284,1299
1580,0.112683537,1300
1422,0.11163209099999999,1301
1520,0.111490476,1302
1893,0.11040855600000005,1303
514,0.11034359599999999,1304
328,0.110042003,1305
1002,0.108982251,1306
1500,0.108881164,1307
1623,0.108546534,1308
249,0.10851219099999998,1309
2489,0.108389446,1310
1600,0.10702549600000001,1311
1842,0.10689482299999997,1312
52,0.10677177700000001,1313
523,0.106694357,1314
946,0.10624218800000004,1315
1008,0.10570753100000001,1316
231,0.10554554499999999,1317
1040,0.10524928799999997,1318
266,0.10495470499999998,1319
1541,0.10398118399999998,1320
605,0.10373691499999996,1321
799,0.103582635,1322
698,0.103105912,1323
1919,0.10291860200000003,1324
215,0.10233310499999998,1325
1665,0.10201452199999998,1326
950,0.10191955500000004,1327
1659,0.10140241000000001,1328
1939,0.101368812,1329
1576,0.100443393,1330
1871,0.100218362,1331
1070,0.10020680400000001,1332
1461,0.098838956,1333
267,0.09827330399999998,1334
2065,0.09823012800000001,1335
1638,0.098051093,1336
248,0.09791167099999999,1337
1655,0.097351271,1338
1395,0.09724487799999999,1339
2321,0.095497844,1340
1404,0.09531913499999999,1341
300,0.09462798500000001,1342
1522,0.09438972600000005,1343
2484,0.09438896599999999,1344
848,0.094111262,1345
139,0.094024509,1346
1029,0.09393522499999997,1347
1093,0.09346885100000002,1348
2243,0.09318603,1349
1047,0.09305748000000001,1350
281,0.09234216600000002,1351
1658,0.09180122500000001,1352
243,0.09153238999999998,1353
1602,0.09057071400000001,1354
2249,0.090460174,1355
2166,0.09035972,1356
1323,0.089539208,1357
817,0.08931112,1358
2226,0.08816816499999999,1359
313,0.08699217699999999,1360
261,0.08651237699999997,1361
561,0.08611193700000001,1362
1926,0.08600778199999999,1363
247,0.08546502200000002,1364
1425,0.085028081,1365
791,0.084973106,1366
1562,0.084715501,1367
683,0.084064004,1368
1902,0.08383240999999997,1369
1339,0.08345278899999997,1370
1420,0.08310940799999995,1371
2306,0.0830186,1372
1958,0.08277921900000001,1373
1352,0.08181205800000001,1374
194,0.080835782,1375
1565,0.08082842599999998,1376
226,0.08054426199999996,1377
825,0.079123105,1378
1468,0.078014969,1379
1143,0.07700112299999998,1380
2490,0.07688795,1381
541,0.07651026899999999,1382
272,0.07649923999999998,1383
1338,0.07644727899999998,1384
515,0.076328831,1385
1405,0.076296361,1386
338,0.07606421599999999,1387
768,0.075525942,1388
258,0.07542234499999999,1389
876,0.07462080200000004,1390
1969,0.073172681,1391
379,0.073159645,1392
1890,0.07256198500000002,1393
550,0.072478345,1394
1387,0.07230734899999999,1395
1103,0.071882525,1396
2070,0.07176547300000001,1397
1907,0.07150003700000002,1398
2141,0.07112981100000001,1399
270,0.07106585600000001,1400
1041,0.070902135,1401
376,0.07021623999999999,1402
331,0.070142954,1403
2337,0.06994371699999999,1404
370,0.069927571,1405
2260,0.069743527,1406
1448,0.068968525,1407
1312,0.067870353,1408
1559,0.067816188,1409
1916,0.06772411599999999,1410
1983,0.06721793000000001,1411
1005,0.06717867299999998,1412
293,0.06627832299999999,1413
1071,0.06614639399999997,1414
255,0.06597995599999999,1415
1841,0.06586088900000003,1416
212,0.06535886399999997,1417
654,0.065264379,1418
2191,0.064786523,1419
1538,0.06475779699999999,1420
314,0.06469961999999999,1421
554,0.06390053400000001,1422
206,0.06388059400000001,1423
811,0.06295643199999998,1424
1982,0.06254241400000003,1425
753,0.062386106,1426
358,0.061964382,1427
303,0.06184997199999999,1428
1906,0.06180454900000001,1429
1913,0.061525746000000006,1430
1094,0.061380364,1431
2478,0.06135846699999999,1432
1127,0.06122130999999998,1433
202,0.061196218000000004,1434
209,0.06053771599999999,1435
1988,0.06027446900000004,1436
1138,0.06018938800000001,1437
758,0.059742091000000004,1438
1123,0.05927938500000003,1439
1009,0.05922274100000001,1440
1892,0.05892025900000003,1441
919,0.05870233100000004,1442
319,0.05869935699999997,1443
762,0.057734814,1444
1860,0.057507484999999976,1445
2342,0.057488240999999995,1446
1023,0.05740765700000003,1447
2282,0.057200537999999995,1448
2276,0.057171461,1449
2425,0.056814852,1450
1059,0.056497928,1451
208,0.056283187,1452
1048,0.05565009999999997,1453
201,0.055622076999999985,1454
1546,0.055388136000000004,1455
217,0.05519530999999996,1456
1612,0.054898383,1457
1417,0.05419700899999999,1458
1853,0.05397135000000003,1459
1067,0.053766790000000016,1460
1077,0.05363241800000002,1461
721,0.053542055,1462
1910,0.052908462,1463
506,0.052871536000000004,1464
626,0.052522449,1465
2005,0.052349992000000026,1466
275,0.05234603500000003,1467
1923,0.052256004999999994,1468
1931,0.05217132800000004,1469
290,0.05157539600000002,1470
1952,0.05134715100000005,1471
558,0.050986663000000015,1472
1116,0.05087268000000001,1473
220,0.05017873599999997,1474
1948,0.05000479700000001,1475
1945,0.04956825100000001,1476
1315,0.049365659,1477
1046,0.04891883199999998,1478
1090,0.048595353000000036,1479
517,0.047958902,1480
1887,0.04698771200000001,1481
1326,0.045720911,1482
752,0.04564604900000001,1483
1110,0.043864942999999976,1484
476,0.04384167,1485
2206,0.043733736999999995,1486
279,0.043138067999999974,1487
1472,0.043098011000000006,1488
1137,0.042398260000000014,1489
533,0.04095732699999999,1490
181,0.04025006799999998,1491
1370,0.039651747999999994,1492
2092,0.03964063399999998,1493
2420,0.039023723999999996,1494
2175,0.03847676000000001,1495
1396,0.036573101999999996,1496
1855,0.036558967999999976,1497
1869,0.036180222000000026,1498
1112,0.03574615200000002,1499
1158,0.03507944700000004,1500
411,0.03413965499999999,1501
984,0.03372436400000005,1502
2028,0.033692094000000006,1503
1092,0.03272654000000001,1504
2022,0.03210420799999997,1505
996,0.03162849800000003,1506
936,0.03097792300000004,1507
449,0.030927799000000006,1508
2371,0.030472476,1509
1908,0.030350714999999986,1510
271,0.03003291699999998,1511
325,0.029033254999999973,1512
2250,0.029003875999999998,1513
1147,0.02891064900000001,1514
1862,0.028137084000000007,1515
2164,0.028032249000000023,1516
1440,0.027523135000000004,1517
2151,0.02713146800000002,1518
691,0.026203092999999997,1519
2267,0.025928327999999987,1520
252,0.025620320999999995,1521
751,0.025436526,1522
2435,0.02488699999999998,1523
1624,0.02470873500000001,1524
356,0.024702511999999996,1525
1100,0.024550889000000017,1526
1162,0.024247796000000002,1527
782,0.023953562999999997,1528
1072,0.02350631999999997,1529
234,0.023414111000000022,1530
2277,0.02334307999999999,1531
1863,0.023281283,1532
1030,0.023265093999999976,1533
477,0.02318182199999999,1534
1453,0.022172865,1535
1598,0.022152961000000006,1536
1452,0.021733091,1537
1956,0.020945851000000043,1538
1881,0.020905250000000007,1539
1994,0.02023186100000001,1540
2129,0.020000168000000013,1541
1557,0.019888277000000003,1542
1968,0.019710553000000013,1543
2018,0.019654174999999968,1544
2116,0.019417331999999968,1545
651,0.019152158000000002,1546
1866,0.01851255200000001,1547
235,0.01839191500000001,1548
199,0.01806592500000001,1549
1953,0.017694006000000012,1550
1037,0.01709900099999999,1551
1095,0.01701522200000001,1552
794,0.016361653000000004,1553
1136,0.01586511000000001,1554
859,0.015492287000000035,1555
1653,0.015242365000000008,1556
1554,0.014899489000000002,1557
2080,0.014525172000000017,1558
1621,0.014495407000000016,1559
1884,0.014354358000000025,1560
2159,0.014103528999999976,1561
2475,0.013760231999999997,1562
2463,0.013246785999999997,1563
429,0.012810736000000003,1564
2385,0.012288369999999998,1565
987,0.012173812000000039,1566
315,0.011813347999999994,1567
1649,0.01169835700000002,1568
294,0.011675950000000025,1569
1876,0.011635730000000007,1570
1889,0.011076213000000027,1571
816,0.010660218999999999,1572
2486,0.010631174000000007,1573
198,0.010342257000000007,1574
818,0.009660557,1575
1496,0.009496835999999995,1576
1846,0.009365176999999999,1577
1606,0.008823446999999998,1578
2144,0.008648623000000022,1579
680,0.008380275999999992,1580
284,0.007980468999999973,1581
282,0.006382177999999985,1582
1120,0.005779288999999993,1583
399,0.0057454569999999955,1584
2434,0.005740412,1585
1935,0.0053918500000000105,1586
679,0.004877256999999999,1587
681,0.00332299300000001,1588
2263,0.0031609019999999793,1589
2200,0.0030163279999999987,1590
1610,0.0026920610000000095,1591
1514,0.002569083,1592
1374,0.0022675370000000035,1593
592,0.002221424999999999,1594
2368,0.0018993469999999957,1595
1088,0.0016618080000000007,1596
393,0.0013060059999999846,1597
1129,0.001067064999999992,1598
1004,0.0010394449999999757,1599
329,0.000920895999999994,1600
841,0.0008361380000000002,1601
2095,0.0008101849999999772,1602
665,0.00041626799999998354,1603
599,0.00021091800000000438,1604
1386,-0.0002238779999999968,1605
2266,-0.0007682689999999881,1606
264,-0.0016524680000000146,1607
1918,-0.002115417999999973,1608
216,-0.002232141000000007,1609
187,-0.0023528770000000067,1610
286,-0.002521225000000005,1611
1499,-0.002569734000000004,1612
2355,-0.0033691670000000062,1613
2313,-0.003654715999999999,1614
1003,-0.003734970000000018,1615
637,-0.005692238000000002,1616
2409,-0.005815190000000001,1617
412,-0.0058865440000000074,1618
2031,-0.005946920000000008,1619
1107,-0.005952347000000021,1620
457,-0.0059927040000000015,1621
364,-0.0064336529999999975,1622
1563,-0.0068388009999999985,1623
2019,-0.007195545999999994,1624
2103,-0.007649444999999991,1625
2054,-0.008092224999999995,1626
2366,-0.008092918000000001,1627
1052,-0.008200521000000002,1628
1936,-0.008322511,1629
2064,-0.008377044999999972,1630
2078,-0.00894554099999996,1631
1611,-0.009043041999999994,1632
1045,-0.009503501999999997,1633
446,-0.010016527999999997,1634
2414,-0.010058147999999989,1635
221,-0.010320568000000004,1636
238,-0.010327261000000032,1637
349,-0.010354751000000051,1638
2079,-0.01052220700000002,1639
324,-0.010969176000000014,1640
2457,-0.011052522999999998,1641
1979,-0.012354304999999968,1642
2442,-0.012411055,1643
2006,-0.012414294999999999,1644
690,-0.012759804,1645
1633,-0.01286922799999999,1646
1034,-0.013278335000000016,1647
2059,-0.013319654000000028,1648
442,-0.013396876000000016,1649
2069,-0.014956728000000016,1650
2208,-0.016274670999999998,1651
1850,-0.01628516299999999,1652
2137,-0.01647386399999999,1653
404,-0.01670837400000001,1654
2394,-0.01731499,1655
1086,-0.017460870000000003,1656
333,-0.01774554099999999,1657
1911,-0.017799749000000017,1658
1536,-0.018957968999999998,1659
183,-0.019113266000000007,1660
1076,-0.01913987899999999,1661
1981,-0.01916061,1662
439,-0.019482898000000012,1663
2245,-0.019911712999999998,1664
2356,-0.020667316,1665
1411,-0.02136935900000002,1666
1099,-0.02274870700000002,1667
1122,-0.022852473000000026,1668
277,-0.023538634000000006,1669
409,-0.023663910000000052,1670
609,-0.023898613,1671
1186,-0.024265928000000006,1672
2390,-0.025578262,1673
2147,-0.02677956599999999,1674
2099,-0.027139904999999978,1675
1915,-0.027427745999999992,1676
1873,-0.027545903999999972,1677
2014,-0.027575849,1678
213,-0.028979193999999993,1679
635,-0.029197140000000003,1680
2025,-0.030138910999999977,1681
1125,-0.030269907,1682
676,-0.030465969999999995,1683
2034,-0.030882375000000004,1684
2388,-0.031244095000000013,1685
1028,-0.03132285199999997,1686
1156,-0.032195650000000006,1687
2055,-0.032201755999999984,1688
1502,-0.03239526800000002,1689
441,-0.032464016000000054,1690
1568,-0.03306865699999999,1691
2202,-0.033546401,1692
1503,-0.03363014199999999,1693
256,-0.034177447000000014,1694
1073,-0.034347898,1695
1607,-0.03445555399999999,1696
386,-0.034582823,1697
688,-0.034652558,1698
1020,-0.035778459000000026,1699
2437,-0.036180716,1700
1142,-0.03621757200000002,1701
1635,-0.036310808000000014,1702
310,-0.037271752000000005,1703
2461,-0.037310359,1704
593,-0.03767156,1705
2417,-0.037814362000000004,1706
1454,-0.037891808,1707
265,-0.038271414000000004,1708
2133,-0.038704861999999986,1709
2111,-0.03901026700000006,1710
504,-0.039096252,1711
291,-0.039129000000000004,1712
1016,-0.03946989100000002,1713
1264,-0.039631451000000026,1714
2102,-0.04000992900000004,1715
1469,-0.040159753,1716
1664,-0.04085056000000002,1717
424,-0.041302722,1718
1154,-0.04146738500000004,1719
1905,-0.041568628999999975,1720
2319,-0.041971893999999996,1721
461,-0.042494798000000014,1722
488,-0.042719574999999996,1723
2362,-0.042745476000000004,1724
640,-0.04297382600000001,1725
355,-0.04320401,1726
2062,-0.04372902699999999,1727
2106,-0.04490815800000002,1728
1131,-0.04498285299999999,1729
348,-0.045494271000000044,1730
624,-0.045706206,1731
516,-0.04582752,1732
1954,-0.046135555999999966,1733
2498,-0.046139708,1734
1474,-0.04614406200000003,1735
777,-0.046443805000000005,1736
2238,-0.046855560000000004,1737
1547,-0.046941515999999975,1738
2040,-0.047881203,1739
2485,-0.047958617,1740
1498,-0.04802998200000001,1741
1146,-0.04871581600000002,1742
620,-0.049415624000000005,1743
2027,-0.04960363599999999,1744
1078,-0.050106823,1745
1951,-0.05021466799999997,1746
2142,-0.05056569399999998,1747
1012,-0.050938251000000004,1748
1006,-0.05156922499999997,1749
475,-0.05184338200000006,1750
2073,-0.05197197200000002,1751
1135,-0.05200819699999999,1752
2132,-0.05225007300000005,1753
390,-0.05328667499999999,1754
2444,-0.053332257999999994,1755
2145,-0.05463992100000002,1756
414,-0.05487673700000005,1757
2012,-0.05490727400000005,1758
644,-0.055240126,1759
1460,-0.05530835100000002,1760
491,-0.055422421,1761
1940,-0.05545226399999997,1762
2126,-0.05551122800000004,1763
1082,-0.05582448800000002,1764
2317,-0.055868128,1765
827,-0.057281903999999995,1766
815,-0.057350399,1767
2082,-0.057484878,1768
367,-0.05791630800000007,1769
1035,-0.05832032700000002,1770
1477,-0.05838460300000002,1771
798,-0.059002297,1772
2432,-0.059552652,1773
1357,-0.05982471299999999,1774
1060,-0.059860077000000005,1775
1044,-0.059937963999999976,1776
1163,-0.060057041,1777
285,-0.06046134800000002,1778
1226,-0.06088450499999999,1779
495,-0.06093146400000003,1780
2056,-0.061275323999999985,1781
2046,-0.06151396499999996,1782
1151,-0.06197935600000003,1783
1133,-0.062102817000000025,1784
2068,-0.062173405,1785
462,-0.06297015000000007,1786
2178,-0.06339460300000001,1787
200,-0.06368884100000001,1788
451,-0.06372851400000006,1789
617,-0.064286244,1790
1068,-0.06521247699999996,1791
1582,-0.06536229099999998,1792
2326,-0.06572128599999999,1793
419,-0.06635010100000006,1794
222,-0.066559055,1795
842,-0.066619919,1796
2128,-0.06666932299999999,1797
1342,-0.06692069099999999,1798
1493,-0.067153057,1799
2156,-0.06753826300000003,1800
1256,-0.06755234400000003,1801
808,-0.067619581,1802
1428,-0.06770091400000001,1803
1038,-0.06785807199999999,1804
2047,-0.06794219100000003,1805
1065,-0.06824953500000001,1806
1089,-0.068722204,1807
2445,-0.068801903,1808
2118,-0.06984580100000003,1809
1200,-0.07110123,1810
2093,-0.07114058,1811
674,-0.071230249,1812
1148,-0.07255185700000004,1813
1169,-0.072632082,1814
389,-0.07331014900000003,1815
1525,-0.07391740199999998,1816
584,-0.07397669000000001,1817
1202,-0.07415378500000001,1818
1986,-0.07446971099999997,1819
1566,-0.074631811,1820
2110,-0.07487093500000001,1821
530,-0.07495178200000001,1822
2150,-0.07504466100000003,1823
2074,-0.07512193900000001,1824
299,-0.07530135900000001,1825
2076,-0.07646698199999999,1826
570,-0.076922014,1827
311,-0.07705177300000002,1828
1062,-0.07707330899999998,1829
1075,-0.078716355,1830
375,-0.07919222500000002,1831
2127,-0.07927949500000002,1832
499,-0.079390947,1833
362,-0.07973613200000006,1834
2067,-0.08002637099999997,1835
1412,-0.08054136000000002,1836
473,-0.081240483,1837
2060,-0.08156493499999999,1838
1909,-0.08179167799999998,1839
2115,-0.08242080499999999,1840
1101,-0.082824467,1841
2029,-0.08309578699999999,1842
522,-0.083349995,1843
1430,-0.08341223200000002,1844
1283,-0.08447703700000002,1845
1011,-0.08487963300000001,1846
1628,-0.085724058,1847
610,-0.086034486,1848
583,-0.086445857,1849
1897,-0.087602261,1850
402,-0.08771582900000001,1851
1971,-0.08776305499999996,1852
2024,-0.087904195,1853
1355,-0.08826449600000001,1854
1630,-0.088264875,1855
2077,-0.08857218300000001,1856
2168,-0.08878704100000002,1857
1130,-0.08939574300000001,1858
1880,-0.08943103599999996,1859
1898,-0.09019760299999997,1860
1111,-0.09029137499999997,1861
2146,-0.09070792900000002,1862
1558,-0.09155446299999999,1863
480,-0.09173353600000005,1864
1961,-0.09185483899999997,1865
1399,-0.09190896100000003,1866
2441,-0.09204234199999999,1867
2333,-0.09244642900000001,1868
1486,-0.09325504100000002,1869
1941,-0.09332252800000003,1870
1444,-0.09352412300000003,1871
2122,-0.093683175,1872
2090,-0.09368370599999999,1873
672,-0.09384513300000001,1874
2189,-0.09400291800000003,1875
1150,-0.09410524199999999,1876
434,-0.094610034,1877
629,-0.094687544,1878
428,-0.09472042700000004,1879
1080,-0.09486764699999999,1880
2209,-0.09508993900000001,1881
1153,-0.09675537500000002,1882
2015,-0.09723597700000002,1883
482,-0.09735071100000002,1884
317,-0.09750375399999998,1885
643,-0.09875816400000002,1886
1473,-0.099227772,1887
2048,-0.099422601,1888
1220,-0.09968362100000001,1889
460,-0.10014776100000004,1890
1903,-0.10039882499999997,1891
1178,-0.10047927500000002,1892
1152,-0.10080633800000002,1893
384,-0.10108303500000003,1894
233,-0.10156558499999999,1895
2043,-0.10167263699999998,1896
1571,-0.10181304499999999,1897
2184,-0.10210605900000004,1898
1126,-0.10230961400000001,1899
1929,-0.10386555500000004,1900
468,-0.10428425900000006,1901
1627,-0.104681765,1902
2010,-0.10520796400000003,1903
1304,-0.10548451700000004,1904
1051,-0.105557869,1905
1168,-0.10556424700000001,1906
2013,-0.105925989,1907
268,-0.10617812700000002,1908
1108,-0.10695587000000002,1909
1543,-0.107564281,1910
1242,-0.10761103600000001,1911
344,-0.10785082300000003,1912
2016,-0.10792619900000001,1913
483,-0.10844800500000003,1914
322,-0.109075917,1915
1294,-0.10931070300000005,1916
772,-0.10957152299999999,1917
2039,-0.10965895200000002,1918
1144,-0.109731048,1919
2113,-0.10980445000000001,1920
1198,-0.11025612200000003,1921
397,-0.11054079299999998,1922
339,-0.11146767300000002,1923
2153,-0.11186254100000002,1924
810,-0.112232528,1925
503,-0.112248293,1926
1605,-0.11271963899999998,1927
1251,-0.11395893700000005,1928
1632,-0.11401147999999998,1929
2084,-0.11410478299999999,1930
1282,-0.11439982700000002,1931
1972,-0.11499232300000005,1932
1482,-0.11593333100000001,1933
2063,-0.11613683400000001,1934
1053,-0.116543675,1935
2396,-0.116558879,1936
2152,-0.11660219800000002,1937
1552,-0.116888701,1938
2148,-0.11718603699999999,1939
1930,-0.11722216200000003,1940
2036,-0.117747948,1941
1416,-0.118169012,1942
1139,-0.11876653499999996,1943
1159,-0.11933427299999999,1944
229,-0.11968520399999998,1945
440,-0.11972248000000006,1946
2052,-0.11978436799999996,1947
276,-0.12099012599999999,1948
2476,-0.121028733,1949
341,-0.12148897700000004,1950
1446,-0.122529196,1951
2135,-0.12255889200000002,1952
392,-0.12272339900000005,1953
1438,-0.12410557700000001,1954
190,-0.12416717299999998,1955
2212,-0.124512876,1956
2171,-0.12453723000000001,1957
2155,-0.12498887400000001,1958
2121,-0.12515588500000002,1959
2149,-0.125220683,1960
1532,-0.125335714,1961
1995,-0.125406662,1962
1476,-0.125670118,1963
623,-0.125905989,1964
2049,-0.126099651,1965
369,-0.126792063,1966
1210,-0.12746601400000007,1967
1057,-0.128220064,1968
2124,-0.12943986200000002,1969
524,-0.129713302,1970
188,-0.13004863299999997,1971
595,-0.130445741,1972
645,-0.130445741,1973
1204,-0.1304733740000001,1974
1587,-0.13052903800000001,1975
2181,-0.13058121900000003,1976
2350,-0.130898371,1977
1584,-0.13131524900000002,1978
1376,-0.131427544,1979
2296,-0.132007536,1980
251,-0.13244904600000001,1981
342,-0.13268424000000006,1982
529,-0.132873919,1983
415,-0.13312888900000008,1984
1140,-0.133295177,1985
381,-0.133360698,1986
1055,-0.133613132,1987
2053,-0.13516303600000004,1988
2257,-0.135451191,1989
305,-0.137551077,1990
450,-0.13873453700000005,1991
1291,-0.13877247399999998,1992
1105,-0.138872256,1993
1660,-0.138897777,1994
1184,-0.13912919600000007,1995
2438,-0.13931086499999998,1996
1595,-0.139334323,1997
2188,-0.13958259100000003,1998
1950,-0.1396540830000001,1999
2114,-0.14042306000000002,2000
377,-0.140711387,2001
1858,-0.14072734600000003,2002
2299,-0.140747554,2003
1109,-0.141070628,2004
1098,-0.141622573,2005
403,-0.141993953,2006
1262,-0.14209229200000006,2007
1180,-0.142260736,2008
1280,-0.14249936400000007,2009
2290,-0.14291413,2010
534,-0.143249935,2011
511,-0.14417383999999997,2012
1619,-0.14442108,2013
1974,-0.14463657100000005,2014
1601,-0.144649706,2015
572,-0.14536383099999997,2016
422,-0.14555365400000003,2017
1258,-0.147042581,2018
2278,-0.147113145,2019
301,-0.147419281,2020
366,-0.14757973900000004,2021
2030,-0.14780418900000003,2022
1287,-0.14838893300000006,2023
1458,-0.14952658100000002,2024
1214,-0.14979366600000005,2025
1599,-0.15052128599999998,2026
453,-0.15223284000000004,2027
1281,-0.15225624300000007,2028
1353,-0.152816169,2029
2185,-0.15286857600000003,2030
1588,-0.152874193,2031
257,-0.15297391699999996,2032
1221,-0.15331276000000005,2033
372,-0.153477381,2034
1856,-0.15392217400000002,2035
837,-0.15460580299999999,2036
330,-0.15462541800000001,2037
792,-0.154772814,2038
350,-0.15535519000000003,2039
502,-0.15541390200000008,2040
2089,-0.155750673,2041
1161,-0.15619739400000004,2042
1965,-0.15624074600000004,2043
1119,-0.156257384,2044
433,-0.15643927600000004,2045
1483,-0.15661325800000003,2046
1278,-0.157713714,2047
421,-0.158019389,2048
2058,-0.15845853499999998,2049
2157,-0.15856691,2050
1336,-0.159079179,2051
608,-0.16025445100000002,2052
360,-0.16034397800000003,2053
1056,-0.160604677,2054
2158,-0.16094441300000006,2055
474,-0.160991875,2056
2182,-0.16137904399999997,2057
2085,-0.161712658,2058
191,-0.16248777900000005,2059
2173,-0.16253945099999997,2060
196,-0.162569313,2061
727,-0.16369534100000002,2062
2075,-0.16370708800000003,2063
185,-0.16382988399999998,2064
1245,-0.16404325700000003,2065
766,-0.164459358,2066
371,-0.16470838399999999,2067
1594,-0.166790299,2068
1912,-0.16739834400000003,2069
1216,-0.16764663200000002,2070
1300,-0.167991098,2071
1851,-0.16842617800000004,2072
1215,-0.16909338300000004,2073
497,-0.16912050800000006,2074
1188,-0.17026536100000006,2075
1263,-0.17048505500000002,2076
1921,-0.170802259,2077
438,-0.17080969000000001,2078
1465,-0.17194023100000003,2079
1517,-0.17201335099999998,2080
1230,-0.17375277100000008,2081
2240,-0.173853331,2082
368,-0.17499579600000004,2083
1347,-0.17502244100000003,2084
385,-0.175056647,2085
1589,-0.175476078,2086
1024,-0.17560095200000003,2087
748,-0.175785035,2088
193,-0.176230159,2089
1265,-0.17646551800000004,2090
2087,-0.17752567500000002,2091
771,-0.177989276,2092
2044,-0.178230216,2093
410,-0.17835870299999998,2094
478,-0.178662898,2095
437,-0.178957586,2096
2003,-0.179183898,2097
1962,-0.17928912900000005,2098
2131,-0.18019362400000002,2099
1479,-0.180714092,2100
1271,-0.181407618,2101
470,-0.18206385300000005,2102
1064,-0.18270402900000002,2103
1343,-0.182717912,2104
1997,-0.182789466,2105
1310,-0.18412060100000002,2106
542,-0.184223736,2107
2020,-0.18434399099999998,2108
2097,-0.184865416,2109
1492,-0.18537519000000002,2110
408,-0.18576352000000002,2111
2042,-0.18613285000000002,2112
2139,-0.186285018,2113
179,-0.18649207899999998,2114
1240,-0.18709091300000003,2115
1351,-0.187212097,2116
1843,-0.187717177,2117
1191,-0.18905599899999997,2118
1622,-0.19076104,2119
1288,-0.19091206399999994,2120
1167,-0.19100301400000003,2121
351,-0.191700865,2122
2057,-0.191758691,2123
464,-0.19267504500000004,2124
1229,-0.1928440400000001,2125
479,-0.19304151100000003,2126
2183,-0.19308102600000002,2127
395,-0.193284321,2128
481,-0.19406858500000002,2129
2041,-0.19416749600000002,2130
2120,-0.194326499,2131
2105,-0.194578,2132
363,-0.19482931500000003,2133
1218,-0.195720935,2134
1019,-0.19611292300000002,2135
471,-0.19655371200000005,2136
444,-0.19686769700000004,2137
203,-0.197269478,2138
407,-0.197650347,2139
1390,-0.197688414,2140
1079,-0.198019508,2141
1435,-0.19829980700000002,2142
1946,-0.19877958900000003,2143
1165,-0.1996285,2144
1531,-0.19975206199999998,2145
1590,-0.200100752,2146
1194,-0.200289386,2147
436,-0.200401188,2148
1207,-0.20047791400000003,2149
1257,-0.20061877200000006,2150
1975,-0.20130443700000003,2151
1301,-0.20156952700000003,2152
1928,-0.204451549,2153
569,-0.20470955799999999,2154
1381,-0.20598361099999998,2155
1530,-0.207166031,2156
1233,-0.20804252800000006,2157
1234,-0.20876380600000005,2158
2154,-0.20968089600000003,2159
1868,-0.21069034100000003,2160
2045,-0.21139935499999998,2161
2001,-0.213431202,2162
1406,-0.21473266600000002,2163
1845,-0.216692031,2164
1255,-0.21705136800000002,2165
456,-0.217141245,2166
1284,-0.217409845,2167
1201,-0.21822156399999998,2168
2136,-0.21822613300000002,2169
1996,-0.21907909800000003,2170
1920,-0.219527205,2171
1516,-0.220116923,2172
467,-0.22089186900000002,2173
432,-0.22121547200000002,2174
1231,-0.22165120800000004,2175
1985,-0.22181640800000002,2176
2000,-0.22182941500000003,2177
2170,-0.221870881,2178
1875,-0.222014326,2179
2143,-0.222660654,2180
1118,-0.223182771,2181
2165,-0.22321752900000003,2182
347,-0.22337593200000003,2183
2109,-0.223901855,2184
1175,-0.22408587600000002,2185
2086,-0.225034504,2186
1583,-0.225442675,2187
1998,-0.225626127,2188
1882,-0.22569048300000003,2189
435,-0.226092729,2190
253,-0.226576472,2191
359,-0.22693532099999997,2192
1239,-0.22849894799999998,2193
225,-0.22872134900000002,2194
308,-0.228849208,2195
1927,-0.22900895800000004,2196
1177,-0.22939086700000005,2197
2004,-0.23029082800000003,2198
1049,-0.23152195399999997,2199
1349,-0.231734065,2200
177,-0.23191354400000003,2201
489,-0.23215766700000004,2202
1484,-0.23229698600000004,2203
1613,-0.232469706,2204
459,-0.23312523900000004,2205
1192,-0.23426539899999999,2206
1276,-0.23526581599999996,2207
352,-0.23566704100000002,2208
1253,-0.23576147500000003,2209
1106,-0.23601550500000001,2210
2179,-0.23605797500000003,2211
486,-0.23607441200000007,2212
1917,-0.23716426599999996,2213
1447,-0.237174243,2214
487,-0.23799630600000005,2215
176,-0.238978144,2216
1993,-0.24002761500000003,2217
1199,-0.24032424200000002,2218
1279,-0.24174415300000002,2219
1963,-0.24290100000000003,2220
1195,-0.24307455900000002,2221
2038,-0.24376229100000002,2222
1379,-0.24449621,2223
184,-0.24497454700000001,2224
1987,-0.24551031200000004,2225
1467,-0.24582343800000003,2226
2035,-0.24592761300000002,2227
1549,-0.24661419499999998,2228
1656,-0.24665186,2229
260,-0.24687993900000005,2230
1176,-0.24717927,2231
426,-0.24755194500000002,2232
219,-0.24773108400000005,2233
1978,-0.24872298900000003,2234
312,-0.249525025,2235
1651,-0.24959332100000003,2236
250,-0.24973836100000002,2237
1235,-0.24986077,2238
2007,-0.24994100799999996,2239
1128,-0.250308511,2240
423,-0.25135291300000007,2241
1224,-0.252318908,2242
1306,-0.25249123700000004,2243
1187,-0.25355037199999997,2244
401,-0.25358319300000004,2245
1213,-0.25389256400000004,2246
1249,-0.25452314900000006,2247
498,-0.25467312000000003,2248
1290,-0.25479739100000004,2249
1289,-0.2555475850000001,2250
416,-0.255695701,2251
1054,-0.257729169,2252
195,-0.258091285,2253
2002,-0.258471313,2254
1196,-0.259785142,2255
1394,-0.260001507,2256
1171,-0.260355737,2257
1391,-0.26117721699999996,2258
1117,-0.261330048,2259
1087,-0.261503774,2260
204,-0.262486785,2261
1319,-0.26267859499999996,2262
1179,-0.26336404799999996,2263
1443,-0.26527812399999995,2264
396,-0.26536781800000003,2265
1017,-0.266938891,2266
283,-0.267496179,2267
321,-0.267503891,2268
1244,-0.268052526,2269
1237,-0.268118838,2270
1274,-0.26814589299999997,2271
240,-0.26885620699999996,2272
494,-0.269012283,2273
1223,-0.269453853,2274
2094,-0.26964666,2275
2177,-0.269800727,2276
1066,-0.26984256,2277
1021,-0.27042580999999993,2278
387,-0.27125699000000003,2279
1872,-0.271861907,2280
296,-0.271899979,2281
1269,-0.27243565000000003,2282
2071,-0.273469788,2283
178,-0.27381413999999993,2284
1014,-0.274386787,2285
1570,-0.275784877,2286
1272,-0.276109082,2287
263,-0.276949177,2288
1372,-0.27981394,2289
1942,-0.28050467500000004,2290
1608,-0.281961878,2291
374,-0.282192437,2292
2107,-0.282410899,2293
2169,-0.283716833,2294
2008,-0.28380722100000005,2295
1236,-0.28387382999999994,2296
1208,-0.288034109,2297
448,-0.289305409,2298
1025,-0.29304320699999997,2299
2061,-0.29363176,2300
1960,-0.29497340699999997,2301
378,-0.29633881700000003,2302
237,-0.297534234,2303
224,-0.29813512400000003,2304
1248,-0.301927144,2305
1268,-0.304464999,2306
394,-0.30493301,2307
1885,-0.30572776999999995,2308
1203,-0.306650656,2309
2096,-0.30675850099999996,2310
2187,-0.306794671,2311
1174,-0.307238563,2312
289,-0.30748445,2313
1061,-0.30769447099999997,2314
1870,-0.30793516699999995,2315
1227,-0.30809939700000005,2316
1305,-0.309890333,2317
1157,-0.310412158,2318
218,-0.310758223,2319
2172,-0.31091878,2320
1252,-0.31175618099999997,2321
2130,-0.312108474,2322
335,-0.313360467,2323
1032,-0.313839998,2324
452,-0.31598881500000003,2325
1864,-0.316565869,2326
492,-0.318294015,2327
1311,-0.318388817,2328
241,-0.31897841,2329
1254,-0.319388479,2330
1113,-0.31972046099999996,2331
1039,-0.320645363,2332
1172,-0.32095907100000004,2333
1966,-0.32105773200000004,2334
320,-0.32183710200000004,2335
1189,-0.322816319,2336
1124,-0.325039707,2337
1992,-0.32548340400000003,2338
1228,-0.32749863900000004,2339
2180,-0.327743188,2340
1303,-0.32977137500000003,2341
1854,-0.330702593,2342
1267,-0.33197343300000004,2343
417,-0.33272581400000006,2344
2051,-0.33401336700000006,2345
2023,-0.336265497,2346
1296,-0.337523479,2347
427,-0.337939567,2348
2083,-0.34083463799999997,2349
1246,-0.342468874,2350
1164,-0.343833331,2351
2032,-0.343857407,2352
295,-0.34671509899999997,2353
1121,-0.34713833600000005,2354
458,-0.349845427,2355
1141,-0.35205355899999996,2356
1084,-0.35453356899999994,2357
1085,-0.35476591,2358
2123,-0.355233804,2359
1212,-0.35748730000000006,2360
455,-0.35934357299999997,2361
1160,-0.360858844,2362
1043,-0.3616823639999999,2363
1297,-0.362334019,2364
2011,-0.362541604,2365
1074,-0.36337779299999995,2366
1027,-0.364635548,2367
1114,-0.3650346950000001,2368
2162,-0.36624762899999996,2369
343,-0.36712172400000004,2370
1149,-0.367767075,2371
2119,-0.36791904900000005,2372
2101,-0.368147675,2373
496,-0.37102139400000006,2374
493,-0.3716135870000001,2375
382,-0.372106492,2376
1937,-0.372476044,2377
1081,-0.37306577999999996,2378
430,-0.37746319200000006,2379
254,-0.378292109,2380
2072,-0.378579318,2381
2033,-0.383490121,2382
1104,-0.38424073200000003,2383
1166,-0.385062478,2384
1132,-0.385115467,2385
373,-0.3889338360000001,2386
420,-0.39520719000000004,2387
2140,-0.39559409599999995,2388
1097,-0.39888732099999996,2389
2066,-0.40059599199999996,2390
1033,-0.40200679500000003,2391
1063,-0.40386014,2392
501,-0.4057506140000001,2393
1293,-0.41033236,2394
2174,-0.41109321499999996,2395
1277,-0.41319182600000004,2396
1031,-0.41527616199999995,2397
2160,-0.415564472,2398
2098,-0.41679686400000004,2399
466,-0.417287682,2400
1091,-0.420903995,2401
1259,-0.422116985,2402
1036,-0.42367659,2403
1155,-0.43006828399999997,2404
2050,-0.43022240700000003,2405
1185,-0.43224945000000004,2406
406,-0.43253497900000004,2407
2100,-0.435738104,2408
1307,-0.435752134,2409
445,-0.4361515170000001,2410
1096,-0.43675010400000003,2411
1299,-0.4380911299999999,2412
1173,-0.4403688579999999,2413
1241,-0.444637925,2414
1102,-0.446066812,2415
1292,-0.4465442430000002,2416
2081,-0.44662579199999997,2417
2176,-0.448843935,2418
2088,-0.45162178500000005,2419
365,-0.45171523,2420
2186,-0.452914555,2421
2125,-0.452931022,2422
1042,-0.45683683399999997,2423
340,-0.45716735,2424
1206,-0.45825610799999994,2425
1247,-0.4590396469999999,2426
413,-0.4600621699999998,2427
485,-0.460485825,2428
443,-0.46120126100000003,2429
1209,-0.4614239939999999,2430
353,-0.468653322,2431
345,-0.471813939,2432
2037,-0.47437539599999995,2433
2112,-0.476595452,2434
1225,-0.4766430810000001,2435
2163,-0.478140907,2436
354,-0.47946911200000003,2437
425,-0.48692817099999997,2438
431,-0.487297865,2439
500,-0.490895425,2440
1193,-0.4964773640000001,2441
2138,-0.49677378099999997,2442
1273,-0.502213813,2443
2017,-0.502850556,2444
463,-0.509473098,2445
405,-0.5097833650000001,2446
1211,-0.5160081,2447
2104,-0.517060975,2448
1134,-0.51832641,2449
472,-0.5238371450000001,2450
2026,-0.525547393,2451
2021,-0.527444059,2452
383,-0.5334604129999999,2453
2091,-0.5352353249999999,2454
1181,-0.5356463959999999,2455
1219,-0.5383305749999999,2456
1190,-0.5401129560000001,2457
490,-0.54055757,2458
1217,-0.5412788829999999,2459
361,-0.54404446,2460
447,-0.550968503,2461
2161,-0.5510747149999999,2462
1285,-0.5516615839999999,2463
346,-0.5518584879999999,2464
2117,-0.553150487,2465
2134,-0.5535299600000001,2466
391,-0.5572851240000001,2467
469,-0.558489703,2468
1232,-0.55855878,2469
418,-0.560002811,2470
1261,-0.5648496970000001,2471
380,-0.5653882650000001,2472
1270,-0.568059922,2473
2108,-0.5686355689999999,2474
2167,-0.568711776,2475
1182,-0.5755361529999998,2476
1222,-0.5766308649999999,2477
454,-0.577944389,2478
398,-0.578302136,2479
357,-0.579710886,2480
1302,-0.5965350819999999,2481
1298,-0.596620044,2482
388,-0.5977925959999999,2483
465,-0.605668797,2484
1183,-0.609546427,2485
1170,-0.612343477,2486
1260,-0.6214150789999999,2487
1266,-0.6271228129999998,2488
1275,-0.630767561,2489
1205,-0.63136037,2490
1243,-0.636490735,2491
484,-0.6466425980000001,2492
1197,-0.648235218,2493
1295,-0.650222247,2494
400,-0.656633282,2495
1250,-0.687829684,2496
1286,-0.689338403,2497
1309,-0.6970988069999999,2498
1238,-0.701974173,2499
1308,-0.738043134,2500
